{"errors":[],"warnings":[],"namedChunkGroups":{"app":{"chunks":[8,2],"assets":["webpack-runtime-a788b0bf298c6a82d272.js","webpack-runtime-a788b0bf298c6a82d272.js.map","app-e2801bf206a2827ec805.js","app-e2801bf206a2827ec805.js.map"],"children":{},"childAssets":{}},"component---node-modules-gatsby-plugin-offline-app-shell-js":{"chunks":[3],"assets":["component---node-modules-gatsby-plugin-offline-app-shell-js-8d11bc7128dad10f2366.js","component---node-modules-gatsby-plugin-offline-app-shell-js-8d11bc7128dad10f2366.js.map"],"children":{},"childAssets":{}},"component---src-components-blogtemplate-js":{"chunks":[0,1,4],"assets":["0.9cda76730c110765b5f9.css","0-4f3dbd2a0352c74796da.js","0-4f3dbd2a0352c74796da.js.map","1.36892e7da9aea4f01319.css","1-e1e0e2467a3024f09896.js","1-e1e0e2467a3024f09896.js.map","component---src-components-blogtemplate-js-54e5bc197beb160694ce.js","component---src-components-blogtemplate-js-54e5bc197beb160694ce.js.map"],"children":{},"childAssets":{}},"component---src-pages-404-js":{"chunks":[0,1,5],"assets":["0.9cda76730c110765b5f9.css","0-4f3dbd2a0352c74796da.js","0-4f3dbd2a0352c74796da.js.map","1.36892e7da9aea4f01319.css","1-e1e0e2467a3024f09896.js","1-e1e0e2467a3024f09896.js.map","component---src-pages-404-js-a3575d375d457827e1ba.js","component---src-pages-404-js-a3575d375d457827e1ba.js.map"],"children":{},"childAssets":{}},"component---src-pages-blog-js":{"chunks":[0,1,6],"assets":["0.9cda76730c110765b5f9.css","0-4f3dbd2a0352c74796da.js","0-4f3dbd2a0352c74796da.js.map","1.36892e7da9aea4f01319.css","1-e1e0e2467a3024f09896.js","1-e1e0e2467a3024f09896.js.map","component---src-pages-blog-js-c1cad929ec1c576b468a.js","component---src-pages-blog-js-c1cad929ec1c576b468a.js.map"],"children":{},"childAssets":{}},"component---src-pages-index-js":{"chunks":[0,1,7],"assets":["0.9cda76730c110765b5f9.css","0-4f3dbd2a0352c74796da.js","0-4f3dbd2a0352c74796da.js.map","1.36892e7da9aea4f01319.css","1-e1e0e2467a3024f09896.js","1-e1e0e2467a3024f09896.js.map","component---src-pages-index-js-95b062c666b333930358.js","component---src-pages-index-js-95b062c666b333930358.js.map"],"children":{},"childAssets":{}}},"assetsByChunkName":{"app":["webpack-runtime-a788b0bf298c6a82d272.js","app-e2801bf206a2827ec805.js"],"component---node-modules-gatsby-plugin-offline-app-shell-js":["component---node-modules-gatsby-plugin-offline-app-shell-js-8d11bc7128dad10f2366.js"],"component---src-components-blogtemplate-js":["0.9cda76730c110765b5f9.css","0-4f3dbd2a0352c74796da.js","1.36892e7da9aea4f01319.css","1-e1e0e2467a3024f09896.js","component---src-components-blogtemplate-js-54e5bc197beb160694ce.js"],"component---src-pages-404-js":["0.9cda76730c110765b5f9.css","0-4f3dbd2a0352c74796da.js","1.36892e7da9aea4f01319.css","1-e1e0e2467a3024f09896.js","component---src-pages-404-js-a3575d375d457827e1ba.js"],"component---src-pages-blog-js":["0.9cda76730c110765b5f9.css","0-4f3dbd2a0352c74796da.js","1.36892e7da9aea4f01319.css","1-e1e0e2467a3024f09896.js","component---src-pages-blog-js-c1cad929ec1c576b468a.js"],"component---src-pages-index-js":["0.9cda76730c110765b5f9.css","0-4f3dbd2a0352c74796da.js","1.36892e7da9aea4f01319.css","1-e1e0e2467a3024f09896.js","component---src-pages-index-js-95b062c666b333930358.js"]}}